path	v2_sha256	copy_sha256	status
HISTORICAL_RAS_REFERENCE.md	a147721bce835c369d4d1d2f875895e4eadcc8ae459312e9f1de3d1fb8edbc6d	a147721bce835c369d4d1d2f875895e4eadcc8ae459312e9f1de3d1fb8edbc6d	IDENTICAL
PROTOTYPE_STATUS.md	f5d0c736674c0781c57a08eae7624cff6c0f59a278df72033aefe816f7a86484	f5d0c736674c0781c57a08eae7624cff6c0f59a278df72033aefe816f7a86484	IDENTICAL
README.md	a26f71f9342986f3b13608bec14ea98d8acc316415542146a2773c945b7dac31	a26f71f9342986f3b13608bec14ea98d8acc316415542146a2773c945b7dac31	IDENTICAL
RESOURCE_RESERVATION_DESIGN.md	e1cef85fb13827b66e7a844886e8e877781501de16e73dc4dd4fb99cfbfd5e80	e1cef85fb13827b66e7a844886e8e877781501de16e73dc4dd4fb99cfbfd5e80	IDENTICAL
__init__.py	e3b0c44298fc1c149afbf4c8996fb92427ae41e4649b934ca495991b7852b855	e3b0c44298fc1c149afbf4c8996fb92427ae41e4649b934ca495991b7852b855	IDENTICAL
idp_lab/IDP_DESIGN.md	b48002f3d8d7043ee02f85bfa81214f8092bc90729daeeae77d0de26db2d6901	b48002f3d8d7043ee02f85bfa81214f8092bc90729daeeae77d0de26db2d6901	IDENTICAL
idp_lab/IDP_STATUS.md	0c7f094acbd2145845555cee1320409d4677ce7b6a68561c609ccb45f5030128	0c7f094acbd2145845555cee1320409d4677ce7b6a68561c609ccb45f5030128	IDENTICAL
idp_lab/README.md	4afb6b10f873c0069bae6b3a6ca599f1fae058a9654b390e604f7f6900c3e2c8	4afb6b10f873c0069bae6b3a6ca599f1fae058a9654b390e604f7f6900c3e2c8	IDENTICAL
idp_lab/__init__.py	7c9bd45490861a3df078dae217e16ac8a675b39a724c1e4983620099a9c685b6	7c9bd45490861a3df078dae217e16ac8a675b39a724c1e4983620099a9c685b6	IDENTICAL
idp_lab/cases/case01_one_train_one_resource.json	cadb418292978db094795f5e3447bed2ec50cfac478f2477c6476d5c65e7f6f0	cadb418292978db094795f5e3447bed2ec50cfac478f2477c6476d5c65e7f6f0	IDENTICAL
idp_lab/cases/case02_two_trains_one_resource.json	6e19b6265fadbca3800881f6f4fdba60b5df21d7a271521d6d6d64c83ef3ac8f	6e19b6265fadbca3800881f6f4fdba60b5df21d7a271521d6d6d64c83ef3ac8f	IDENTICAL
idp_lab/cases/case03_three_trains_one_resource.json	d45a40661370da9ecec9fd7af9ca266fcc300e51e19180d2955504cf312fbae3	d45a40661370da9ecec9fd7af9ca266fcc300e51e19180d2955504cf312fbae3	IDENTICAL
idp_lab/cases/case04_two_trains_three_resources.json	0bf571c5ca889bae65abbe0e4013d289f13bb2c1829eb080a663ac99206a842a	0bf571c5ca889bae65abbe0e4013d289f13bb2c1829eb080a663ac99206a842a	IDENTICAL
idp_lab/cases/case05_three_trains_three_resources.json	23be9cced19779aa386f53e70686743562cd7b7875c68afcf7c18f963420ded2	23be9cced19779aa386f53e70686743562cd7b7875c68afcf7c18f963420ded2	IDENTICAL
idp_lab/conflict_history.py	23e9397fe5a7ce2403fb27e6a2ae30ead8ad39fba2bd908c59fbad368b4b6662	23e9397fe5a7ce2403fb27e6a2ae30ead8ad39fba2bd908c59fbad368b4b6662	IDENTICAL
idp_lab/global_resource_dp.py	418546885848a6f9967e044a6b1a0d034a87960f387c4fbe671be580fd531663	418546885848a6f9967e044a6b1a0d034a87960f387c4fbe671be580fd531663	IDENTICAL
idp_lab/lagrangian.py	2307993b7c39572fefe3d62f3af684ba0916ea4988f9345ae76b67dff45d3948	2307993b7c39572fefe3d62f3af684ba0916ea4988f9345ae76b67dff45d3948	IDENTICAL
idp_lab/metrics.py	ebfdbde66e21b7f380eb6b296d76761f269f6a9b68cfbed98f2a21affc8fa739	ebfdbde66e21b7f380eb6b296d76761f269f6a9b68cfbed98f2a21affc8fa739	IDENTICAL
idp_lab/physical_chain_dp.py	fcf537c34a05695c8226ee3b649526f421546f7c447c8b8095400cb34a9bb9c3	fcf537c34a05695c8226ee3b649526f421546f7c447c8b8095400cb34a9bb9c3	IDENTICAL
idp_lab/run_idp_lab.py	508119aef48a80442fbdfcd4dba6081d1ababa47da3f2f782373738bbd33b563	508119aef48a80442fbdfcd4dba6081d1ababa47da3f2f782373738bbd33b563	IDENTICAL
idp_lab/run_idp_lab.sh	7e7084f76f9bc807757476ac2f94e6a5dfb3c729ba8ea7419b22dbcad6e3c597	7e7084f76f9bc807757476ac2f94e6a5dfb3c729ba8ea7419b22dbcad6e3c597	IDENTICAL
idp_lab/search_strategies.py	3ed4bb4aaa390633194c58a6120a18e9f24ea0e011ccdadc3f100560c32a0666	3ed4bb4aaa390633194c58a6120a18e9f24ea0e011ccdadc3f100560c32a0666	IDENTICAL
idp_lab/tests/__init__.py	e3b0c44298fc1c149afbf4c8996fb92427ae41e4649b934ca495991b7852b855	e3b0c44298fc1c149afbf4c8996fb92427ae41e4649b934ca495991b7852b855	IDENTICAL
idp_lab/tests/test_idp_lab.py	f9b5fb1facbdec505163a39b320dd326403f9ece4ab21a462ec8d133de5c61ca	f9b5fb1facbdec505163a39b320dd326403f9ece4ab21a462ec8d133de5c61ca	IDENTICAL
resource_reservation_lite/__init__.py	cd4652f22ab0301d70db6f091b35107954dd059d81b390bcce0841ea097423af	cd4652f22ab0301d70db6f091b35107954dd059d81b390bcce0841ea097423af	IDENTICAL
resource_reservation_lite/branch_and_bound.py	f2cf205a3c22c4eb138fdc215ddceee72d3d58826b87d8910fd27fdc8cc9e045	f2cf205a3c22c4eb138fdc215ddceee72d3d58826b87d8910fd27fdc8cc9e045	IDENTICAL
resource_reservation_lite/cases/case01_one_train_one_resource.json	3b18db25da84078fa79aeea5caa4df02129aa52dcec88bc12385fd8f3520fabb	3b18db25da84078fa79aeea5caa4df02129aa52dcec88bc12385fd8f3520fabb	IDENTICAL
resource_reservation_lite/cases/case02_two_trains_one_resource.json	21075bbbf5a9b8e9179e6082fefa9d58b911da5eb3bf6c517712cbe4cae0260d	21075bbbf5a9b8e9179e6082fefa9d58b911da5eb3bf6c517712cbe4cae0260d	IDENTICAL
resource_reservation_lite/cases/case03_three_trains_one_resource.json	765fe8f4376c11587e671e854660e0b6204823145ccc9d10da5e5b5ccd155f01	765fe8f4376c11587e671e854660e0b6204823145ccc9d10da5e5b5ccd155f01	IDENTICAL
resource_reservation_lite/cases/case04_two_trains_three_resources.json	b2f43066f9ca20a685e000677db4dd4ba1e589d8e44880d8653efa61434322f5	b2f43066f9ca20a685e000677db4dd4ba1e589d8e44880d8653efa61434322f5	IDENTICAL
resource_reservation_lite/cases/case05_three_trains_three_resources.json	0731052d3dcbe398ff7cf27040008cbab32bf29604d013c1791070eff53ccd2b	0731052d3dcbe398ff7cf27040008cbab32bf29604d013c1791070eff53ccd2b	IDENTICAL
resource_reservation_lite/cli.py	95febaf14f24b7b5331f0d638eb610fe2f1eff1ac8310e5847ee93ce00bac742	95febaf14f24b7b5331f0d638eb610fe2f1eff1ac8310e5847ee93ce00bac742	IDENTICAL
resource_reservation_lite/compare_strategies.py	73a9761ed038ed4d2eea1570aa63f6738ad5e2e39355833000bf30a63bf30d9a	73a9761ed038ed4d2eea1570aa63f6738ad5e2e39355833000bf30a63bf30d9a	IDENTICAL
resource_reservation_lite/conflicts.py	58cec1bed7297762245aaedf2d6ca81bbcf361a0e12020c22fb56b6eafc4a619	58cec1bed7297762245aaedf2d6ca81bbcf361a0e12020c22fb56b6eafc4a619	IDENTICAL
resource_reservation_lite/constructive.py	1670545a7204d3d5d4ea5c62f1ec61f0ff831f19cca02478fc18a6fbbcf1ba5b	1670545a7204d3d5d4ea5c62f1ec61f0ff831f19cca02478fc18a6fbbcf1ba5b	IDENTICAL
resource_reservation_lite/cpp/Makefile	763b48e45749fd57c8a7dfa8afa145a5783479306773fb2ef9ee6f1ceb87fe15	763b48e45749fd57c8a7dfa8afa145a5783479306773fb2ef9ee6f1ceb87fe15	IDENTICAL
resource_reservation_lite/cpp/README.md	733d2cbc492cf1380249919348a782a789d620a1596ef8bbc6fdbd38f5631918	733d2cbc492cf1380249919348a782a789d620a1596ef8bbc6fdbd38f5631918	IDENTICAL
resource_reservation_lite/cpp/reservation_bb.cpp	c517a860c4941d458ed62127823df4e6d22460287dc90c1df45e78fbdcc1e39e	c517a860c4941d458ed62127823df4e6d22460287dc90c1df45e78fbdcc1e39e	IDENTICAL
resource_reservation_lite/export_tsv.py	b4df1aeab11fbdb7f3aa14e4c25143ca7cc2783b1f3434473dc1c788a64fcb2e	b4df1aeab11fbdb7f3aa14e4c25143ca7cc2783b1f3434473dc1c788a64fcb2e	IDENTICAL
resource_reservation_lite/io.py	86e5df8b9679e522dbd3553f0f74d850a1cb747264337cceb45e93aa46d7a15e	86e5df8b9679e522dbd3553f0f74d850a1cb747264337cceb45e93aa46d7a15e	IDENTICAL
resource_reservation_lite/model.py	5a02f248fccb371fbce97f6ff714c5189ed49d84e49c990e30d39fa85ecb44fa	5a02f248fccb371fbce97f6ff714c5189ed49d84e49c990e30d39fa85ecb44fa	IDENTICAL
resource_reservation_lite/ras_bridge.py	a61cd0f2f1d807d9fc83c7efe14c674523bc41548d6c9be05c466db2dcf651e2	a61cd0f2f1d807d9fc83c7efe14c674523bc41548d6c9be05c466db2dcf651e2	IDENTICAL
resource_reservation_lite/run_all_cases.py	873ea5d431e7da39df40f6c06592eaed3f73efcdcdc58a0b000594afe6f65c16	873ea5d431e7da39df40f6c06592eaed3f73efcdcdc58a0b000594afe6f65c16	IDENTICAL
resource_reservation_lite/run_ras_fixed_chain.py	2e1efb3f643196b0f1dfc0235f4fae2d9e827c14850c1e3bab8e853e06968de3	2e1efb3f643196b0f1dfc0235f4fae2d9e827c14850c1e3bab8e853e06968de3	IDENTICAL
resource_reservation_lite/scheduler.py	1a980bdb6cbea7b755de054ef0073f5d11295c09797758b6a5fbd62e27f15d5b	1a980bdb6cbea7b755de054ef0073f5d11295c09797758b6a5fbd62e27f15d5b	IDENTICAL
resource_reservation_lite/search.py	ee98da14814b5b8fa7e0042c70825ad3b14ca2bd6e030d76e4e8cf7f9df10d09	ee98da14814b5b8fa7e0042c70825ad3b14ca2bd6e030d76e4e8cf7f9df10d09	IDENTICAL
resource_reservation_lite/tests/__init__.py	e3b0c44298fc1c149afbf4c8996fb92427ae41e4649b934ca495991b7852b855	e3b0c44298fc1c149afbf4c8996fb92427ae41e4649b934ca495991b7852b855	IDENTICAL
resource_reservation_lite/tests/test_cpp_reference.py	54a44d6a669d2436a7a86ee3458867c403363983ecfc49d1fcfff0547e793797	54a44d6a669d2436a7a86ee3458867c403363983ecfc49d1fcfff0547e793797	IDENTICAL
resource_reservation_lite/tests/test_lite.py	596dfe24e9523471b71e623cb2d6f0c6673e3e5b2a2e7c60678952b51463f72b	596dfe24e9523471b71e623cb2d6f0c6673e3e5b2a2e7c60678952b51463f72b	IDENTICAL
run_prototype.sh	89f8390f82eb426eff382248f28d18898201d16b9447209b303e35d523aa38c7	89f8390f82eb426eff382248f28d18898201d16b9447209b303e35d523aa38c7	IDENTICAL
